<?xml version="1.0" encoding="UTF-8" ?>
<!DOCTYPE mapper
  PUBLIC "-//mybatis.org//DTD Mapper 3.0//EN"
  "http://mybatis.org/dtd/mybatis-3-mapper.dtd">

<mapper namespace="org.zerock.mapper.NewsMapper">

    <!-- 전체 뉴스 기사 목록 조회 -->
    <select id="getList" resultType="org.zerock.domain.NewsVO">
        SELECT * FROM news ORDER BY news_id DESC
    </select>

    <!-- 뉴스 기사 단건 조회 -->
    <select id="read" parameterType="Long" resultType="org.zerock.domain.NewsVO">
        SELECT * FROM news WHERE news_id = #{news_id}
    </select>

    <!-- 뉴스 기사 등록 -->
    <insert id="insert" parameterType="org.zerock.domain.NewsVO">
    	<selectKey keyProperty="news_id" resultType="java.lang.Long" order="BEFORE">
            SELECT news_seq.NEXTVAL FROM dual
        </selectKey>
        INSERT INTO news (
            news_id, 
            title, 
            content, 
            writer, 
            reg_date, 
            view_count, 
            important
        ) VALUES (
            #{news_id},
            #{title},
            #{content},
            #{writer},
            SYSDATE,
            0,
            #{important}
        )
    </insert>

    <!-- 뉴스 기사 수정 -->
    <update id="update" parameterType="org.zerock.domain.NewsVO">
        UPDATE news
        SET 
            title = #{title},
            content = #{content},
            published_date = #{published_date},
            writer = #{writer},
            important = #{important}
        WHERE news_id = #{news_id}
    </update>

    <!-- 뉴스 기사 삭제 -->
    <delete id="delete" parameterType="Long">
        DELETE FROM news
        WHERE news_id = #{news_id}
    </delete>

    <!-- 조회수 증가 -->
    <update id="updateViewCount" parameterType="Long">
        UPDATE news
        SET view_count = view_count + 1
        WHERE news_id = #{news_id}
    </update>
    
    <!-- 페이징 처리 -->
    <select id="getWeeklyNewsList" resultType="org.zerock.domain.NewsVO">
        <![CDATA[
	        SELECT * FROM (
		        SELECT ROWNUM AS rn, inner_query.*
		        FROM (
		            SELECT *
		            FROM news
		            ORDER BY  NVL(published_date, reg_date) DESC
		        ) inner_query
		        WHERE ROWNUM <= #{offset} + #{amount}
		    )
		    WHERE rn > #{offset}
        ]]>
    </select>

    <select id="getTotalCount" resultType="int">
	    SELECT COUNT(*) FROM news
	</select>


</mapper>